{
  "video": "videos\\Assault003_x264.mp4",
  "duration": 148.1,
  "feature_shape": [
    32,
    512
  ],
  "num_segments": 32,
  "scores": [
    0.14321742951869965,
    0.7207152247428894,
    0.7670832872390747,
    0.8474897742271423,
    0.9039503931999207,
    0.917707085609436,
    0.9313205480575562,
    0.9300390481948853,
    0.9331899881362915,
    0.9292401671409607,
    0.9210144877433777,
    0.912037193775177,
    0.9108572602272034,
    0.9097564816474915,
    0.9175513982772827,
    0.9243972301483154,
    0.9335221648216248,
    0.9277485609054565,
    0.9187817573547363,
    0.9141185283660889,
    0.9099758863449097,
    0.9270833730697632,
    0.9239315390586853,
    0.9307175874710083,
    0.931743323802948,
    0.9367421865463257,
    0.9379473328590393,
    0.9231632351875305,
    0.8893446326255798,
    0.7789153456687927,
    0.6043472290039062,
    0.12983901798725128
  ],
  "decision": {
    "max_score": 0.9379473328590393,
    "topk_mean": 0.9360705018043518,
    "decision": true,
    "max_threshold": 0.5472,
    "topk_mean_threshold": 0.4576,
    "k": 3
  },
  "selected_segments": [
    8,
    16,
    26
  ],
  "time_ranges": [
    [
      35.025,
      43.653124999999996
    ],
    [
      72.05,
      80.678125
    ],
    [
      118.33125,
      126.959375
    ]
  ],
  "summary_created": true,
  "select_mode": "peak",
  "top_k": 3,
  "nms_window": 1,
  "summary_video": "outputs\\Assault003_x264_anomaly_summary.mp4"
}