{
  "video": "videos\\Assault010_x264.mp4",
  "duration": 539.352993,
  "feature_shape": [
    32,
    512
  ],
  "num_segments": 32,
  "scores": [
    0.06452459841966629,
    0.34079161286354065,
    0.3780498206615448,
    0.3842782974243164,
    0.4134141504764557,
    0.45628538727760315,
    0.48041489720344543,
    0.5087246894836426,
    0.5132303833961487,
    0.49023792147636414,
    0.4656330347061157,
    0.44322067499160767,
    0.45475780963897705,
    0.47189751267433167,
    0.4802294671535492,
    0.44935834407806396,
    0.4512135088443756,
    0.41777491569519043,
    0.48895296454429626,
    0.5063613057136536,
    0.5210015177726746,
    0.5607568025588989,
    0.6020092964172363,
    0.5833899974822998,
    0.5895707607269287,
    0.5681495666503906,
    0.5519528985023499,
    0.5255729556083679,
    0.5074031949043274,
    0.4307028353214264,
    0.25136640667915344,
    0.06199843809008598
  ],
  "decision": {
    "max_score": 0.6020092964172363,
    "topk_mean": 0.5916566848754883,
    "decision": true,
    "max_threshold": 0.5472,
    "topk_mean_threshold": 0.4576,
    "k": 3
  },
  "selected_segments": [
    22,
    24,
    26
  ],
  "time_ranges": [
    [
      368.80518268749995,
      389.65996371874996
    ],
    [
      402.51474475,
      423.36952578125
    ],
    [
      436.2243068125,
      457.07908784374996
    ]
  ],
  "summary_created": true,
  "select_mode": "peak",
  "top_k": 3,
  "nms_window": 1,
  "summary_video": "outputs\\Assault010_x264_anomaly_summary.mp4"
}