{
  "video": "videos\\Explosion002_x264.mp4",
  "duration": 133.766667,
  "feature_shape": [
    32,
    512
  ],
  "num_segments": 32,
  "scores": [
    0.005928042344748974,
    0.047510623931884766,
    0.15319187939167023,
    0.27559298276901245,
    0.5303916931152344,
    0.5304054021835327,
    0.6007348299026489,
    0.6699181199073792,
    0.7493436932563782,
    0.7671526074409485,
    0.767944872379303,
    0.7779055237770081,
    0.7493557929992676,
    0.7320259213447571,
    0.6678429841995239,
    0.6558406352996826,
    0.6570808291435242,
    0.699863612651825,
    0.7383067607879639,
    0.7428844571113586,
    0.7401930689811707,
    0.7112591862678528,
    0.6975401639938354,
    0.6877020001411438,
    0.733968198299408,
    0.7074282169342041,
    0.6997841596603394,
    0.6083746552467346,
    0.5063154101371765,
    0.35809293389320374,
    0.16118480265140533,
    0.05372371897101402
  ],
  "decision": {
    "max_score": 0.7779055237770081,
    "topk_mean": 0.7710010409355164,
    "decision": true,
    "max_threshold": 0.7433,
    "topk_mean_threshold": 0.5994,
    "k": 3
  },
  "selected_segments": [
    9,
    11,
    19
  ],
  "time_ranges": [
    [
      35.621875093750006,
      43.8020834375
    ],
    [
      43.982291781250005,
      52.16250012500001
    ],
    [
      77.42395853125001,
      85.604166875
    ]
  ],
  "summary_created": true,
  "select_mode": "peak",
  "top_k": 3,
  "nms_window": 1,
  "summary_video": "outputs\\Explosion002_x264_anomaly_summary.mp4"
}