{
  "video": "videos\\Normal_Videos_019_x264.mp4",
  "duration": 94.82,
  "feature_shape": [
    32,
    512
  ],
  "num_segments": 32,
  "scores": [
    0.01354991365224123,
    0.034559622406959534,
    0.05188495293259621,
    0.08850885182619095,
    0.11898554116487503,
    0.13187633454799652,
    0.13340990245342255,
    0.11239992827177048,
    0.12529946863651276,
    0.12964385747909546,
    0.17213471233844757,
    0.1763632595539093,
    0.2204573154449463,
    0.2318485826253891,
    0.33465442061424255,
    0.38863763213157654,
    0.42393046617507935,
    0.4554309546947479,
    0.45518267154693604,
    0.4542687237262726,
    0.3963724970817566,
    0.46080559492111206,
    0.49154749512672424,
    0.4556456208229065,
    0.44189557433128357,
    0.40519896149635315,
    0.42200225591659546,
    0.4004848301410675,
    0.28323349356651306,
    0.18809056282043457,
    0.07107032835483551,
    0.027631571516394615
  ],
  "decision": {
    "max_score": 0.49154749512672424,
    "topk_mean": 0.46933290362358093,
    "decision": false,
    "max_threshold": 0.5472,
    "topk_mean_threshold": 0.4576,
    "k": 3
  },
  "selected_segments": [],
  "time_ranges": [],
  "summary_created": false
}