{
  "video": "videos\\Normal_Videos_182_x264.mp4",
  "duration": 136.486009,
  "feature_shape": [
    32,
    512
  ],
  "num_segments": 32,
  "scores": [
    0.008011349476873875,
    0.006652159616351128,
    0.007102734409272671,
    0.012186788953840733,
    0.0168228168040514,
    0.02024121955037117,
    0.019985483959317207,
    0.020136641338467598,
    0.019076794385910034,
    0.0231179166585207,
    0.02253575064241886,
    0.022427134215831757,
    0.020170094445347786,
    0.02381581999361515,
    0.03512688726186752,
    0.06354483962059021,
    0.08629292249679565,
    0.10485365986824036,
    0.10189109295606613,
    0.08151840418577194,
    0.07338516414165497,
    0.06723251938819885,
    0.07291880249977112,
    0.1110970750451088,
    0.13215231895446777,
    0.1752634048461914,
    0.11808748543262482,
    0.09164226055145264,
    0.04155169799923897,
    0.037537939846515656,
    0.023664196953177452,
    0.016619427129626274
  ],
  "decision": {
    "max_score": 0.1752634048461914,
    "topk_mean": 0.14183439314365387,
    "decision": false,
    "max_threshold": 0.5472,
    "topk_mean_threshold": 0.4576,
    "k": 3
  },
  "selected_segments": [],
  "time_ranges": [],
  "summary_created": false
}