{
  "video": "videos\\Normal_Videos_247_x264.mp4",
  "duration": 273.716009,
  "feature_shape": [
    32,
    512
  ],
  "num_segments": 32,
  "scores": [
    0.006385388318449259,
    0.003510247217491269,
    0.004146284889429808,
    0.006172951776534319,
    0.006940323859453201,
    0.012419299222528934,
    0.010795902460813522,
    0.015309719368815422,
    0.016668783500790596,
    0.01776803657412529,
    0.02060028910636902,
    0.01543627493083477,
    0.015858445316553116,
    0.01294421125203371,
    0.00984469149261713,
    0.009223761036992073,
    0.007836731150746346,
    0.010641566477715969,
    0.012823115102946758,
    0.017959875985980034,
    0.025539593771100044,
    0.039745017886161804,
    0.05683441087603569,
    0.06549662351608276,
    0.04874148592352867,
    0.03873971104621887,
    0.031660083681344986,
    0.02268315479159355,
    0.012726206332445145,
    0.011683871038258076,
    0.0076470645144581795,
    0.00923826638609171
  ],
  "decision": {
    "max_score": 0.06549662351608276,
    "topk_mean": 0.05702416971325874,
    "decision": false,
    "max_threshold": 0.5472,
    "topk_mean_threshold": 0.4576,
    "k": 3
  },
  "selected_segments": [],
  "time_ranges": [],
  "summary_created": false
}