{
  "video": "videos\\Shooting009_x264.mp4",
  "duration": 172.2,
  "feature_shape": [
    32,
    512
  ],
  "num_segments": 32,
  "scores": [
    0.04587652161717415,
    0.32664555311203003,
    0.2883840799331665,
    0.2814213037490845,
    0.31013616919517517,
    0.390382319688797,
    0.49743059277534485,
    0.5461323857307434,
    0.60531085729599,
    0.6451572179794312,
    0.7009913325309753,
    0.7250851392745972,
    0.7147667407989502,
    0.7547457218170166,
    0.7469991445541382,
    0.773486852645874,
    0.7859523892402649,
    0.778483510017395,
    0.7839016914367676,
    0.7866025567054749,
    0.8459244966506958,
    0.8722863793373108,
    0.8795866966247559,
    0.880436897277832,
    0.8669478893280029,
    0.8653137683868408,
    0.8673980236053467,
    0.8263177871704102,
    0.7454254627227783,
    0.5244247317314148,
    0.29335370659828186,
    0.09155693650245667
  ],
  "decision": {
    "max_score": 0.880436897277832,
    "topk_mean": 0.877436637878418,
    "decision": true,
    "max_threshold": 0.7433,
    "topk_mean_threshold": 0.5994,
    "k": 3
  },
  "selected_segments": [
    21,
    23,
    26
  ],
  "time_ranges": [
    [
      111.00625,
      120.38749999999999
    ],
    [
      121.76875,
      131.14999999999998
    ],
    [
      137.9125,
      147.29375
    ]
  ],
  "summary_created": true,
  "select_mode": "peak",
  "top_k": 3,
  "nms_window": 1,
  "summary_video": "outputs\\Shooting009_x264_anomaly_summary.mp4"
}