{
  "video": "videos\\Shooting002_x264.mp4",
  "variant": "v1",
  "alpha": 0.3,
  "tau": 0.07,
  "duration": 40.279002,
  "feature_shape": [
    32,
    512
  ],
  "num_segments": 32,
  "scores": [
    0.26933974027633667,
    0.4094318747520447,
    0.6330419182777405,
    0.8500154614448547,
    0.8962761163711548,
    0.927406370639801,
    0.9341951608657837,
    0.9360621571540833,
    0.9311447739601135,
    0.9265346527099609,
    0.9242473840713501,
    0.9232147932052612,
    0.9189932346343994,
    0.9266528487205505,
    0.9231570959091187,
    0.9197193384170532,
    0.9191269874572754,
    0.9193152189254761,
    0.9219604730606079,
    0.9240735769271851,
    0.9203681349754333,
    0.9148991703987122,
    0.9222713708877563,
    0.9257868528366089,
    0.9207675457000732,
    0.9223721027374268,
    0.9215942621231079,
    0.9219633340835571,
    0.91117924451828,
    0.8094812631607056,
    0.5770629048347473,
    0.27160266041755676
  ],
  "decision": {
    "max_score": 0.9360621571540833,
    "topk_mean": 0.9338006973266602,
    "decision": true,
    "max_threshold": 0.5472,
    "topk_mean_threshold": 0.4576,
    "k": 3
  },
  "selected_segments": [
    5,
    7,
    13
  ],
  "time_ranges": [
    [
      4.2935940624999995,
      12.0697505
    ],
    [
      14.3633445625,
      19.622063375
    ]
  ],
  "summary_created": true,
  "select_mode": "peak",
  "top_k": 3,
  "nms_window": 1,
  "summary_video": "outputs\\Shooting002_x264_v1_anomaly_summary.mp4"
}